gender,name.title,name.first,name.last,location.street.number,location.street.name,location.city,location.state,location.country,location.postcode,location.coordinates.latitude,location.coordinates.longitude,location.timezone.offset,location.timezone.description,email,login.uuid,login.username,login.password,login.salt,login.md5,login.sha1,login.sha256,dob.date,dob.age,registered.date,registered.age,phone,cell,id.name,id.value,picture.large,picture.medium,picture.thumbnail,nat
female,Mrs,Grace,Wood,4059,Redoubt Road,Taupo,Hawke'S Bay,New Zealand,15815,48.0212,78.8049,+5:30,"Bombay, Calcutta, Madras, New Delhi",grace.wood@example.com,5f9b6bb4-1656-45f7-8b05-bca4d0e5a4c8,goldenpeacock784,555555,ztyw8CrS,2d62379ebf6de0b8b3fd7362fef7d88e,4096223cf5de52a9fcac882c7173fc557e18cb0b,2f81fd2e23afa483c0449db4c95af5085a7dfd387243dc770becd23a2965a64b,1980-09-15T01:22:04.527Z,43,2008-07-01T19:23:39.896Z,15,(093)-627-5759,(715)-346-2324,,null,https://randomuser.me/api/portraits/women/80.jpg,https://randomuser.me/api/portraits/med/women/80.jpg,https://randomuser.me/api/portraits/thumb/women/80.jpg,NZ
female,Mrs,کیمیا,جعفری,779,راستوان,اسلام‌شهر,ایلام,Iran,94348,49.9411,25.3369,+6:00,"Almaty, Dhaka, Colombo",khymy.jaafry@example.com,fb186794-5369-48e0-bc15-12e38b20e3eb,orangelion609,reaper,nFSib4o4,2f32100432ff69e0b10d56c34d9fa7ea,d58ef4e57f056785e36883f528d1eab5f9f1f003,1831804a41faa09fc1cf380891c647d8de9a65b796771d9836e344882b40dba2,1981-08-24T18:15:05.326Z,42,2018-11-03T00:16:36.720Z,5,013-72028986,0938-703-8648,,null,https://randomuser.me/api/portraits/women/45.jpg,https://randomuser.me/api/portraits/med/women/45.jpg,https://randomuser.me/api/portraits/thumb/women/45.jpg,IR
female,Ms,Caitlin,Reynolds,2574,The Avenue,Bath,Cambridgeshire,United Kingdom,PB4A 7SU,4.6372,15.6263,0:00,"Western Europe Time, London, Lisbon, Casablanca",caitlin.reynolds@example.com,9ad725b3-04df-4d95-ab15-ea6d7e2cc74d,orangedog575,baggio,ZSeGo9Ol,4517bbfb27f893a33eb8e0ae9e251cf7,518d258943f2daca4379dbd773017946b34c05e1,243b1f1f7ad3c83ad8534893846efc90b5bebb9f9d0af75401f02efea9c87486,1978-06-26T09:33:38.601Z,45,2010-05-07T13:21:52.858Z,13,017684 31640,07275 128975,NINO,GY 28 98 50 A,https://randomuser.me/api/portraits/women/80.jpg,https://randomuser.me/api/portraits/med/women/80.jpg,https://randomuser.me/api/portraits/thumb/women/80.jpg,GB
male,Mr,Logan,Lewis,9213,Tay Street,Palmerston North,Manawatu-Wanganui,New Zealand,60562,-81.2019,-150.2220,+1:00,"Brussels, Copenhagen, Madrid, Paris",logan.lewis@example.com,8db183fa-2182-4896-9bb2-eece9dfa41d6,tinywolf383,zzzzzz,rUObz5co,2c03f22087426826fc7b3394c4efcb15,368fb5908a567854621dcc4bc9e660a9bd339e3e,b014b0e0db2b27497647342c90fbdd2c836178745243194209194b7c005706cd,1955-01-21T04:14:21.632Z,69,2013-05-29T23:37:44.723Z,10,(679)-324-7639,(941)-084-3568,,null,https://randomuser.me/api/portraits/men/3.jpg,https://randomuser.me/api/portraits/med/men/3.jpg,https://randomuser.me/api/portraits/thumb/men/3.jpg,NZ
female,Miss,Mia,Bélanger,4433,Alfred St,Stratford,Québec,Canada,E9K 4M2,-6.4523,114.6040,-10:00,Hawaii,mia.belanger@example.com,b755a893-96d1-4335-ae0d-a514e98649c5,redfrog926,welcome,pfmnZ9k1,499b79238989eea7b943f8f47bd1429b,cd312c876c65f9254e25116847814ea67a95cefd,cc0fa6cbe841b04f5b146b407bd4759ee4d85fe823db30e97e314c9420f48fb9,1986-03-21T19:38:33.842Z,38,2010-07-21T00:10:49.525Z,13,C63 W98-4900,E96 O47-2990,SIN,094595816,https://randomuser.me/api/portraits/women/27.jpg,https://randomuser.me/api/portraits/med/women/27.jpg,https://randomuser.me/api/portraits/thumb/women/27.jpg,CA
female,Mrs,Alisa,Saarinen,8500,Pispalan Valtatie,Janakkala,Southern Ostrobothnia,Finland,90549,58.9533,-90.8906,+5:45,Kathmandu,alisa.saarinen@example.com,c36e1622-d720-4754-93d3-73ee45e9b9b1,orangefrog523,megane,0cutuUZs,af89f2a523459488325f9fd890745a48,94a388f1d8e9c8a8fc7cf4438a565b20abb11ec3,7a77234f2c786d9140395c8290f16c1756af69008a898201387a461718cecc2a,1998-05-08T10:44:48.276Z,25,2013-06-01T20:10:39.847Z,10,04-579-748,046-991-31-25,HETU,NaNNA508undefined,https://randomuser.me/api/portraits/women/72.jpg,https://randomuser.me/api/portraits/med/women/72.jpg,https://randomuser.me/api/portraits/thumb/women/72.jpg,FI
male,Mr,Gregorio,Rubio,6433,Calle de La Almudena,Arrecife,Aragón,Spain,50554,28.9357,-56.8438,+3:00,"Baghdad, Riyadh, Moscow, St. Petersburg",gregorio.rubio@example.com,c251a710-8b53-4f0e-8fe0-3ff8340c4b91,purplebird284,prowler,LKylrYiM,6bf7c9083fb915955ef6f6e3fdc0a6cc,69f790945105a7eb151ee42d3f25e69fb09e7a4b,c61851e824f7dd3819a4ca373f85b7c5268410a2297c9175d460c42c158d4aee,1974-12-07T20:18:01.790Z,49,2011-06-23T14:33:52.905Z,12,947-156-628,668-457-155,DNI,34939268-Q,https://randomuser.me/api/portraits/men/47.jpg,https://randomuser.me/api/portraits/med/men/47.jpg,https://randomuser.me/api/portraits/thumb/men/47.jpg,ES
female,Miss,Marice,Oliveira,5878,Rua Paraíba ,Arapiraca,Bahia,Brazil,55376,-39.2140,111.0711,-3:30,Newfoundland,marice.oliveira@example.com,eb8cb933-c6a1-4e6a-a8eb-53b45df29070,crazybird503,babylon,mCGZvzjQ,9063ae39f78cb394df1acb4aa13e03fb,ffa126ab1ecd243eb5aa5e8be2382168cac17aa0,0cf9bc794c84ee9918ad5f71a9421075c67b0af0c1f0b083dfea44e94362b7e6,1979-01-19T18:43:43.043Z,45,2007-01-11T08:24:50.909Z,17,(19) 5236-6411,(30) 6804-0988,CPF,328.125.821-91,https://randomuser.me/api/portraits/women/65.jpg,https://randomuser.me/api/portraits/med/women/65.jpg,https://randomuser.me/api/portraits/thumb/women/65.jpg,BR
female,Ms,Hiya,Sullad,3312,Chaman Ganj,Kakinada,Lakshadweep,India,78915,41.0727,61.1011,+4:30,Kabul,hiya.sullad@example.com,cc6c310a-3e4d-4ed9-90c2-a77ed9584ca0,bigpanda804,madmad,ITRSS8rh,121039b90576d31f55ad1f39a2d8c56a,96e74a93b57fdd2cf75276def15e5dac5a8eebfa,181580add7a765a035267724221bb4e90a9019f32350cedf36a1b4cc9e9d2080,1945-04-26T16:27:36.432Z,78,2017-01-08T17:10:23.860Z,7,7535985943,9614439384,UIDAI,912368869065,https://randomuser.me/api/portraits/women/15.jpg,https://randomuser.me/api/portraits/med/women/15.jpg,https://randomuser.me/api/portraits/thumb/women/15.jpg,IN
female,Mrs,Lyna,Leclerc,6501,Place du 8 Novembre 1942,Aubervilliers,Hauts-de-Seine,France,48876,-16.6801,146.9283,-12:00,"Eniwetok, Kwajalein",lyna.leclerc@example.com,03fdf528-0abf-4546-8a6f-e620d658ad1a,goldenlion546,gotribe,XqSprs8r,6dc885e45578345d2e9611c9446fa05e,025264a0358aa48f0b125087e7233e7cbd03c6f4,3af0d1e959b65a5b2f8fae58dd6d7e80e2290ea47068dde2dfbfcbbea7c655ef,1956-08-08T22:14:45.651Z,67,2008-02-01T15:06:40.359Z,16,02-38-68-86-90,06-68-90-32-02,INSEE,2560758628764 57,https://randomuser.me/api/portraits/women/22.jpg,https://randomuser.me/api/portraits/med/women/22.jpg,https://randomuser.me/api/portraits/thumb/women/22.jpg,FR
female,Mrs,Tamara,Janković,1903,Ðure Jakšića,Čajetina,Podunavlje,Serbia,59823,62.1419,-129.4470,+5:00,"Ekaterinburg, Islamabad, Karachi, Tashkent",tamara.jankovic@example.com,3171dc83-133d-4f2d-bb5e-b641a6ded7f0,heavycat728,newlife,heixT8aC,3da8dd8bd61e9248fc19ef7c85740e33,eaedc93900f7a3f12d2ace30844c2cf74ac95003,22e2f1ffc92bfa6c41f66aec82bf1afa43ddecfdd9a1ac881172f08d6404a4f0,1985-06-30T22:11:42.432Z,38,2005-10-08T15:14:57.908Z,18,030-0108-755,067-7241-169,SID,656847635,https://randomuser.me/api/portraits/women/10.jpg,https://randomuser.me/api/portraits/med/women/10.jpg,https://randomuser.me/api/portraits/thumb/women/10.jpg,RS
female,Ms,Carolyn,Hansen,2153,Cork Street,Tramore,Carlow,Ireland,44352,-78.2876,-113.1956,-11:00,"Midway Island, Samoa",carolyn.hansen@example.com,fa87b3ef-00af-4493-a895-7c58dfd6fb82,beautifulbear136,arctic,XoWWobTk,2fa7e68171faa2632e109ec555646c33,62dd1e71e04eeaed2ecd8c867879c3e677143f84,5b093e3c89d5352debd2d9ff3fe809cad8f65a45f1b668aed4e7c9f0f574a8dc,1985-05-09T05:57:17.208Z,38,2021-11-04T08:43:50.262Z,2,011-226-5479,081-016-4963,PPS,9749627T,https://randomuser.me/api/portraits/women/90.jpg,https://randomuser.me/api/portraits/med/women/90.jpg,https://randomuser.me/api/portraits/thumb/women/90.jpg,IE
female,Miss,یاسمن,قاسمی,9763,شهید باهنر,اصفهان,همدان,Iran,75552,-12.5412,169.1627,-6:00,"Central Time (US & Canada), Mexico City",ysmn.qsmy@example.com,0ed735f0-0776-43b3-b9c8-3a4b012b223f,orangedog152,room,xTtZihWp,9e849731d003fc010cabdebb38b211ff,2899275b179437056964eeef8c0394cda611414f,03116a2e536ce36c8b7ef3947b66138bfe6429e3ecfac021d3ce1bc5b8eec00a,1962-07-11T10:27:53.621Z,61,2007-06-17T18:08:03.296Z,16,059-13754002,0912-256-4118,,null,https://randomuser.me/api/portraits/women/62.jpg,https://randomuser.me/api/portraits/med/women/62.jpg,https://randomuser.me/api/portraits/thumb/women/62.jpg,IR
female,Miss,Hanna,Tucker,2061,The Drive,Edinburgh,Nottinghamshire,United Kingdom,M80 2JL,69.6638,-26.8406,-10:00,Hawaii,hanna.tucker@example.com,6b8f111f-68e9-4d2a-ae67-735b0d5cd92b,crazytiger785,maniac,7vGnXQNp,99558eb215031d8d021231f2e2246997,455411eb40e9e02421621fbe219ae29002bef604,a5aab1697afaf0282abf79eaf4c72232dfa09d6076f393d7efb5facaee9a49b0,1987-03-19T06:02:13.248Z,37,2013-07-09T14:49:52.723Z,10,015395 52486,07948 334037,NINO,XE 08 06 85 I,https://randomuser.me/api/portraits/women/57.jpg,https://randomuser.me/api/portraits/med/women/57.jpg,https://randomuser.me/api/portraits/thumb/women/57.jpg,GB
female,Miss,Letitia,Ross,6957,Edwards Rd,South Bend,New Hampshire,United States,12318,71.0989,175.7525,+8:00,"Beijing, Perth, Singapore, Hong Kong",letitia.ross@example.com,0545bd49-957f-48b5-9bfc-6d9ef2613890,whitecat747,together,93yQlvY3,7cb27e7efc0bd4818ed6a027509e664c,39b1bc0cd53d8fdeab91bb30b90aca3f6827a841,9b3f1851fa341ac255073f7bc690339e75fe03580b8155f8f0b27253537c7fbf,1973-07-24T00:19:18.074Z,50,2008-08-26T08:26:31.512Z,15,(886) 918-5598,(762) 335-8933,SSN,694-59-6777,https://randomuser.me/api/portraits/women/50.jpg,https://randomuser.me/api/portraits/med/women/50.jpg,https://randomuser.me/api/portraits/thumb/women/50.jpg,US
male,Mr,Macit,Karaduman,2932,Tunalı Hilmi Cd,Kütahya,Afyonkarahisar,Turkey,71439,54.7743,-70.0230,-8:00,Pacific Time (US & Canada),macit.karaduman@example.com,56d8a711-7996-434c-aab9-038776b189a3,tinyleopard874,meatball,ZAHEI5ZC,9899e626e08d2ab47d8b407fc92c1889,52d0aaf383b0bd7803a074db365f7bc70e29f25b,0bf37bf58b0e2472b8d4b0f8e5ad5da309815c23c81a79d441f8fa626f375c65,1986-11-05T16:24:48.193Z,37,2019-09-25T08:34:10.871Z,4,(271)-803-0205,(259)-946-4628,,null,https://randomuser.me/api/portraits/men/34.jpg,https://randomuser.me/api/portraits/med/men/34.jpg,https://randomuser.me/api/portraits/thumb/men/34.jpg,TR
male,Mr,Quenten,Korten,2932,Kruispolderkaai,Gerkesklooster,Zuid-Holland,Netherlands,5241 KG,62.4111,53.4343,+3:30,Tehran,quenten.korten@example.com,d79c2895-7f5f-439e-a1ba-b4497028378d,purplepeacock179,tommyboy,8XmJ1sbF,9770a4cb08ca75b7d93c7de07909269b,b5ad144d64dcea7a514a30ef4c03ef272508d8bb,230063cfcdf51e6ace698f5c39a37cfc8ac714119d3be94e4a300346f99aaf4a,1967-04-05T12:29:49.583Z,57,2008-04-18T16:58:19.480Z,16,(0716) 546147,(06) 40918268,BSN,61149030,https://randomuser.me/api/portraits/men/7.jpg,https://randomuser.me/api/portraits/med/men/7.jpg,https://randomuser.me/api/portraits/thumb/men/7.jpg,NL
male,Mr,Philip,Thompson,1278,George St,Minto,Nova Scotia,Canada,J2Q 5C6,-27.0647,-33.3403,+1:00,"Brussels, Copenhagen, Madrid, Paris",philip.thompson@example.com,2a140793-a2f9-435a-9612-50ad071fdd54,bluemeercat834,5678,pi4oIgQW,ccc89381917bf447e547c0295e90a756,0d997f7920c246788479b2977674040c65fdde60,a52968a457d881e997a2c485c6c4281a97946b8a21b4728634659e1bc6efd49b,1965-12-29T16:04:57.863Z,58,2004-10-03T07:58:00.001Z,19,X29 S56-1621,Y27 B08-4117,SIN,604371666,https://randomuser.me/api/portraits/men/32.jpg,https://randomuser.me/api/portraits/med/men/32.jpg,https://randomuser.me/api/portraits/thumb/men/32.jpg,CA
female,Miss,Makivka,Semeniv,8678,12-ta liniya,Harkiv,Hersonska,Ukraine,62036,71.0447,-133.7047,+6:00,"Almaty, Dhaka, Colombo",makivka.semeniv@example.com,48d31f29-d4eb-4a52-b8c8-bbbbf4181bc0,sadostrich355,davidson,YSAN8e6X,3218c425f859c992ec4aa4eecf08f4ae,6c06a7ff0badf66b4bc4fd4b380afac9ecdadc53,1f4a6de5006242f7e13917d55da91a530b73077ad75013aeb7e2cac155428657,1979-02-22T08:30:46.107Z,45,2010-07-11T17:14:44.838Z,13,(096) B33-7456,(068) L70-2613,,null,https://randomuser.me/api/portraits/women/52.jpg,https://randomuser.me/api/portraits/med/women/52.jpg,https://randomuser.me/api/portraits/thumb/women/52.jpg,UA
female,Mrs,Aidê,Araújo,2015,Rua Pará ,Cascavel,Piauí,Brazil,26661,42.0922,-122.7974,-1:00,"Azores, Cape Verde Islands",aide.araujo@example.com,1868fd8f-76a9-4266-9f5d-6e145acdbf1b,silverduck592,989898,r7INFPNy,91edbdfcf2662dcddc23ae11521ec42d,b5566ee59f88422eeaf31b9608bc464f6cf2282b,8e94cfecb79cbf51c033d911a4a1ebfc3f3d3ee77d2bec9a8a5e01598dfc4551,1999-08-13T22:24:22.775Z,24,2014-06-05T08:08:29.117Z,9,(91) 8230-6201,(16) 9510-2508,CPF,040.144.572-16,https://randomuser.me/api/portraits/women/11.jpg,https://randomuser.me/api/portraits/med/women/11.jpg,https://randomuser.me/api/portraits/thumb/women/11.jpg,BR
male,Mr,Leonard,Leistad,277,Harry Fetts vei,Svenevik,Buskerud,Norway,1793,11.1016,-33.2319,+6:00,"Almaty, Dhaka, Colombo",leonard.leistad@example.com,ca860a41-76c4-4b34-8f46-58734365eadc,reddog955,funny,snIkRFxT,fb3b0b233ab3bc682fe8166427ed1d0b,4dc4113390b539396087ba53720eadc52267cc39,5dbe6efc8f9e30aae0409c6156a483f3b5b4e04708f88dc0fc31269868043dd7,1988-04-02T16:00:48.209Z,36,2002-10-18T17:03:52.718Z,21,63588388,44544481,FN,02048822552,https://randomuser.me/api/portraits/men/66.jpg,https://randomuser.me/api/portraits/med/men/66.jpg,https://randomuser.me/api/portraits/thumb/men/66.jpg,NO
male,Mr,Onur,Akyürek,3617,Filistin Cd,İstanbul,Yozgat,Turkey,71721,26.9323,156.6395,-2:00,Mid-Atlantic,onur.akyurek@example.com,1bde0641-38e9-44db-a7dc-d39b33298112,goldenmouse460,contortionist,Cwk4wMVq,2fefae41cd3332b19efa81351f128948,942a87c5a187be70052b1c351bb3bd526c3a0d4d,31ead60764a982acec4c042d561d0059b935dc071d810bba9eaeea0609710f04,1987-07-15T01:58:00.553Z,36,2006-11-15T05:32:06.404Z,17,(298)-333-1088,(430)-779-6162,,null,https://randomuser.me/api/portraits/men/97.jpg,https://randomuser.me/api/portraits/med/men/97.jpg,https://randomuser.me/api/portraits/thumb/men/97.jpg,TR
female,Ms,Adeci,Lima,1003,Rua Doze ,Jaboatão dos Guararapes,Goiás,Brazil,35856,-20.8938,82.9582,+4:30,Kabul,adeci.lima@example.com,f07a72bb-21d0-4020-8c98-cb46119fb8ae,smallladybug503,emerald,IBPIBKss,e37add0e0f02e7c76df589a0f25958d8,f98ad693725f2ebb2ac1e7f391cd3ca3534b4c73,9a8202f35c4590e426cb46e25a765fb549c1eec9db91276615bdf637d5146541,1963-08-01T18:18:44.917Z,60,2015-06-29T02:06:48.811Z,8,(33) 8817-1218,(42) 4763-8138,CPF,393.599.476-44,https://randomuser.me/api/portraits/women/33.jpg,https://randomuser.me/api/portraits/med/women/33.jpg,https://randomuser.me/api/portraits/thumb/women/33.jpg,BR
male,Mr,Tim,Said,8373,Hagaløkka,Sortland,Hordaland,Norway,5826,-9.4910,91.9429,-10:00,Hawaii,tim.said@example.com,a598a35b-031e-406c-bcc3-0b21100bfe04,purplelion107,timmy,oCLKmStr,c64f633ffb05d383d49180d1ca51a800,c2fe356827ce4a09e4647d98a6ee0432f010949e,f899a59ca05890a71bcdb42530bba12b5d5ec204601c625e461bb661789df173,1948-10-11T04:11:15.488Z,75,2015-09-04T16:17:20.720Z,8,77629662,98060187,FN,11104804979,https://randomuser.me/api/portraits/men/54.jpg,https://randomuser.me/api/portraits/med/men/54.jpg,https://randomuser.me/api/portraits/thumb/men/54.jpg,NO
male,Mr,Jesse,Hannula,1488,Hämeentie,Tuusniemi,Central Finland,Finland,86195,-44.4021,59.3614,+11:00,"Magadan, Solomon Islands, New Caledonia",jesse.hannula@example.com,96be02a6-e95e-4b6e-a4b9-ff703f62bb5b,crazyzebra230,loser1,7WkdLDsU,f8615edf8fe9f1a129d08c1c3fc89d23,bc4aaf8c1c8151d1ecaa6665bf240ddf4cca1522,2371424c5e3e7b87bd6d01501b28bb8025e70cf68905307c2a9ce87da65933c5,1964-01-24T18:39:28.772Z,60,2009-07-26T23:52:00.580Z,14,03-299-513,041-837-26-30,HETU,NaNNA741undefined,https://randomuser.me/api/portraits/men/0.jpg,https://randomuser.me/api/portraits/med/men/0.jpg,https://randomuser.me/api/portraits/thumb/men/0.jpg,FI
male,Mr,Jasper,Green,2826,Alexandra Street,Hastings,Northland,New Zealand,45268,-32.9656,121.2564,-10:00,Hawaii,jasper.green@example.com,22c3c830-54a9-4f25-8870-042438a622d7,yellowkoala387,banane,GA47K3Ka,a5dad4f52f313f2757f42cd57d33ee31,5487f12b4a30534f6bb9071a7f4f05f9b938bd17,465980de0b69cc1efeb2b1465109cd511702e7dbf7285dc64e7da1af6990ac0d,1971-04-24T19:10:40.946Z,52,2013-09-10T20:52:46.000Z,10,(390)-771-1223,(729)-762-0555,,null,https://randomuser.me/api/portraits/men/15.jpg,https://randomuser.me/api/portraits/med/men/15.jpg,https://randomuser.me/api/portraits/thumb/men/15.jpg,NZ
female,Ms,Faith,Payne,5471,Grafton Street,Athlone,Clare,Ireland,82258,29.7684,-39.9365,+2:00,"Kaliningrad, South Africa",faith.payne@example.com,e213d4b0-e583-4caa-b94e-cb89f12f412d,purpletiger491,kume,ANWn2q6H,79925670cb958730e3c14a8f73e4c811,917cb541390d4e0fac872b76898c7c506277fcdf,54df0937250d685bea9de9ed98990fad899b7176c53a7d6168896d886041cf1b,1946-11-03T05:05:27.795Z,77,2021-01-13T23:32:17.681Z,3,031-357-9557,081-998-0470,PPS,8929956T,https://randomuser.me/api/portraits/women/43.jpg,https://randomuser.me/api/portraits/med/women/43.jpg,https://randomuser.me/api/portraits/thumb/women/43.jpg,IE
male,Mr,Madhav,Kouser,4007,Chaman Ganj,Hubli–Dharwad,Haryana,India,52322,-0.2233,-128.5231,+6:00,"Almaty, Dhaka, Colombo",madhav.kouser@example.com,2ed70829-a7f9-412e-8bb1-ec007d605091,organicduck971,marjorie,9EinvJqJ,7ef8eb3c189203962461126528883f07,3c794177db78e0fbf8518b9f8df17d27f02218a4,05a4b0373680e37a2db1d12b7574bfc42901b4987f7705b601e1120624de26ee,1971-01-27T01:44:06.225Z,53,2019-07-01T05:26:06.427Z,4,9198100998,7102812233,UIDAI,491386486325,https://randomuser.me/api/portraits/men/41.jpg,https://randomuser.me/api/portraits/med/men/41.jpg,https://randomuser.me/api/portraits/thumb/men/41.jpg,IN
female,Miss,Carole,Allen,3797,Robinson Rd,Inglewood,Kansas,United States,59947,-43.1668,-68.8389,+9:30,"Adelaide, Darwin",carole.allen@example.com,bdde8ccb-947e-4a62-aa82-271b02adb01e,heavyfish500,jenna,c2MncZc6,a5dedf68404c138982fe70fd642d6f98,113c55e9890e0dc273f5e1fe63050daf0747ad99,6deaa65a654fb02ffe9ffcbc6aa5619be27af816763499ebad0e7ee9e3592446,1954-02-18T07:16:33.213Z,70,2016-10-14T11:04:24.123Z,7,(648) 559-9819,(600) 773-1484,SSN,277-07-1174,https://randomuser.me/api/portraits/women/8.jpg,https://randomuser.me/api/portraits/med/women/8.jpg,https://randomuser.me/api/portraits/thumb/women/8.jpg,US
female,Miss,Johanne,Jørgensen,1029,Ågade,Kongens  Lyngby,Syddanmark,Denmark,39156,56.0519,-28.6077,+3:30,Tehran,johanne.jorgensen@example.com,c67a92b0-0de7-44ec-8559-c0274e4de289,smallfish736,zaq12wsx,dREUxetU,f6b4ba501f34e8339401f6d458393c7e,14a593ac4443b5f4b270ac02aecbb61c906e98ac,f6cbca714a2d73577ede831e130d9c600cbf1249194fc02047d08f92f1eea9e4,1988-07-05T13:56:19.025Z,35,2008-11-25T07:44:10.483Z,15,40462374,61408024,CPR,050788-7420,https://randomuser.me/api/portraits/women/56.jpg,https://randomuser.me/api/portraits/med/women/56.jpg,https://randomuser.me/api/portraits/thumb/women/56.jpg,DK
female,Ms,Domna,Sirchenko,276,Poznyakivska,Berislav,Volinska,Ukraine,19473,20.3288,-65.4547,-3:30,Newfoundland,domna.sirchenko@example.com,6f7d5560-5bb6-4a49-b452-f67d03563a20,bigkoala697,flesh,Dmr2MX5W,a7c30187aac576b9d5e59ea0f6a16441,d4e08e8938eea1ddf8f1989acddf031f4a62a7f1,c85dd1907ab13388be0405a3649a842c4f9a9b87cb38e8c75f4bbb77acf35b53,1952-04-25T01:32:36.175Z,71,2010-12-14T12:47:44.675Z,13,(066) Z35-5377,(097) L84-6046,,null,https://randomuser.me/api/portraits/women/78.jpg,https://randomuser.me/api/portraits/med/women/78.jpg,https://randomuser.me/api/portraits/thumb/women/78.jpg,UA
male,Mr,Nivaldo,Aragão,6307,Avenida D. Pedro Ii,Ibirité,Rio Grande do Sul,Brazil,26192,-67.4362,2.9185,-3:00,"Brazil, Buenos Aires, Georgetown",nivaldo.aragao@example.com,50206554-9103-4bb5-920e-09d95fc9c5db,sadlion882,germany,Mv9IQfSn,c8d8eed7b1c8ce76f53d6ce1d98e9f97,b27f147886fd5bbab322887aab2c007dc1d86d3f,bf8b8684facba01ca63ad1906a1cd8e38d7c246c254547689e5da210e084dcb7,1958-11-11T07:10:47.430Z,65,2017-03-29T09:50:24.350Z,7,(87) 6213-8044,(84) 4612-2582,CPF,617.017.021-41,https://randomuser.me/api/portraits/men/51.jpg,https://randomuser.me/api/portraits/med/men/51.jpg,https://randomuser.me/api/portraits/thumb/men/51.jpg,BR
female,Mrs,Laura,Dubois,6928,Avenue Paul Eluard,Toulon,Hauts-de-Seine,France,88642,-46.5311,122.8559,-3:00,"Brazil, Buenos Aires, Georgetown",laura.dubois@example.com,90fd6a25-ddef-42b8-98dd-af3d89feaa32,sadostrich868,161616,GjRpZeT1,fb6dd97ea1a2b33f4dfbec12cc98f9e8,d17b170751e23e0cded944fe136d20844f80efe7,471b6f29e1063eca88304550bdf28cfecdc79ea6e816f9987984328fda05a7bc,1978-02-26T07:31:24.489Z,46,2003-04-26T23:16:35.775Z,20,05-84-95-91-17,06-79-65-56-05,INSEE,2780132900686 39,https://randomuser.me/api/portraits/women/31.jpg,https://randomuser.me/api/portraits/med/women/31.jpg,https://randomuser.me/api/portraits/thumb/women/31.jpg,FR
female,Mrs,Ostromova,Luchickiy,3105,Shchepova,Berezivka,Mikolayivska,Ukraine,48459,-33.6001,12.9984,+5:30,"Bombay, Calcutta, Madras, New Delhi",ostromova.luchickiy@example.com,df55ae68-facb-4ce1-a724-a80ad6878ed7,lazysnake679,genesis,X8zy2uhY,203f750a96bb5b27725292fa6dcd2cac,677a8fdb7d13084248afbeea0700f86f0f7c1e48,78146722f59fa6a4e0251e219b1cb2d28fdc64acbe204cd897c901370da91ab7,1950-11-23T23:17:48.833Z,73,2003-07-13T22:45:40.326Z,20,(097) P44-6520,(098) U39-8741,,null,https://randomuser.me/api/portraits/women/55.jpg,https://randomuser.me/api/portraits/med/women/55.jpg,https://randomuser.me/api/portraits/thumb/women/55.jpg,UA
male,Mr,Joar,Dahlberg,6152,Hegdehaugsveien,Båtsfjord,Troms - Romsa,Norway,1416,15.9632,134.5919,+5:00,"Ekaterinburg, Islamabad, Karachi, Tashkent",joar.dahlberg@example.com,8dbd54c2-c161-4318-b9ff-7a7a3ea2b694,lazyzebra557,bryant,cgKkeY40,50b3bc1131facb7a58f86ce92e3db0ad,733aa08cfdb599fdeee90deb0c3ee077af1d99fc,ec8ff8b6e39a434cc16de576eae049c01d4af0a49f3cdd479942eff2d3acba0d,1952-05-06T04:47:45.601Z,71,2006-08-27T02:14:08.902Z,17,88093530,94213903,FN,06055229749,https://randomuser.me/api/portraits/men/99.jpg,https://randomuser.me/api/portraits/med/men/99.jpg,https://randomuser.me/api/portraits/thumb/men/99.jpg,NO
female,Miss,Melike,Adal,2331,Istiklal Cd,Burdur,Ordu,Turkey,99118,87.8518,-80.8616,-3:30,Newfoundland,melike.adal@example.com,f2fc39d4-08e9-4b16-81da-9756e4fb1a86,silvertiger182,drowssap,g85ybePn,a7943a9ec399e2f51780dfd11065c818,2e5485d752acccd9eddd88bec3a6ed0044ccba30,2a63ea167eba9d0ae0043fcfe626c6f40e8e717e9c68b78e457b3a8d76728c1a,1990-09-02T09:03:35.737Z,33,2021-10-27T09:00:46.765Z,2,(411)-350-4864,(630)-168-8368,,null,https://randomuser.me/api/portraits/women/25.jpg,https://randomuser.me/api/portraits/med/women/25.jpg,https://randomuser.me/api/portraits/thumb/women/25.jpg,TR
male,Mr,Guy,Fuller,591,E Center St,Downey,South Dakota,United States,48195,27.6581,-114.5769,+9:00,"Tokyo, Seoul, Osaka, Sapporo, Yakutsk",guy.fuller@example.com,6ce71e3d-3aea-4137-a150-84726322ce72,ticklishpanda805,cheese,1ZyOMDCl,b64c2e2d211a40cbfeaf47cd70d8d907,f52f76066c5e4672454ee21aa0021a164b69a049,3697a04b33459d7b5bed59a8849da8914c23ef18ff9d05ad98e0fe5125255fed,1952-02-29T22:25:09.985Z,72,2011-10-24T15:12:35.267Z,12,(344) 699-1925,(263) 222-6024,SSN,563-54-6937,https://randomuser.me/api/portraits/men/66.jpg,https://randomuser.me/api/portraits/med/men/66.jpg,https://randomuser.me/api/portraits/thumb/men/66.jpg,US
female,Mrs,Susie,Robinson,8367,Broadway,Oxford,Lincolnshire,United Kingdom,GW27 3NE,-0.8232,35.8593,+5:30,"Bombay, Calcutta, Madras, New Delhi",susie.robinson@example.com,7432e381-ac02-49d6-a5e4-fb892a42f4b0,lazylion995,rocker,G3c5sFKe,cf0f27a502e08396e5e8e34f8de36413,aca5bc1b4d64fc43194ea17163bb395d627496b0,51c2fa77a20b329bd866574d66a274d511d7c1c6e5aaed476fb1dbda1994991b,1967-06-23T19:09:07.463Z,56,2014-11-19T05:43:17.373Z,9,017683 79507,07052 582949,NINO,HY 01 92 74 B,https://randomuser.me/api/portraits/women/74.jpg,https://randomuser.me/api/portraits/med/women/74.jpg,https://randomuser.me/api/portraits/thumb/women/74.jpg,GB
male,Mr,Simon,Pedersen,195,Østermarksvej,Kvistgaard,Midtjylland,Denmark,12797,-87.7314,115.2330,+5:45,Kathmandu,simon.pedersen@example.com,622c7446-f637-4ec0-b717-7eab4875f060,bigpanda991,13131313,8tE4fmft,d66382b5dd025cb8d6f27be64fbd97dc,1c6c429b1d4eebbdaa4f8ad485b3c0f37e1cd896,45b64c7fab6af2ad6b5fbe99d9020f06817a6bfd8834106c837967c893e13198,1997-12-31T08:26:22.341Z,26,2019-09-30T16:22:57.105Z,4,59588410,38367973,CPR,311297-6463,https://randomuser.me/api/portraits/men/20.jpg,https://randomuser.me/api/portraits/med/men/20.jpg,https://randomuser.me/api/portraits/thumb/men/20.jpg,DK
female,Mrs,Andrijana,Jeremić,5193,Uzelčeva,Bačka Topola,North Banat,Serbia,86218,-35.3349,58.4433,+9:30,"Adelaide, Darwin",andrijana.jeremic@example.com,c2f203bc-7161-4ad1-a26c-90291217cb80,smallgoose326,chippy,O6XiIXuR,9a364e0ae390f34e5ecaeea162de5631,de341ff753bd94b18a5b08d2725ee5c35ec4bfa5,3be537c2904b646acc1490ccae98943b60522a79757800114ea3bb1c73662843,1970-05-12T19:57:51.911Z,53,2009-06-08T01:13:38.663Z,14,025-5307-021,060-2860-265,SID,120991645,https://randomuser.me/api/portraits/women/91.jpg,https://randomuser.me/api/portraits/med/women/91.jpg,https://randomuser.me/api/portraits/thumb/women/91.jpg,RS
male,Mr,Marshall,Lane,5518,Killarney Road,Carrigtwohill,Clare,Ireland,92889,35.8853,-74.0653,+5:00,"Ekaterinburg, Islamabad, Karachi, Tashkent",marshall.lane@example.com,ea175c1a-9a54-4a91-afb7-c3cd8ed9db6a,tinyzebra670,bunnies,I6CylD8t,ba0de358b880f904534381b4cc2d9d02,77b49e051b0a764d5d5fa2f4f12e44484020579b,05f7c7e956fc3af7faad42ec9dfb6282746b81f48e31eda338abcbc16a3f5ed8,1960-08-24T07:39:25.681Z,63,2002-06-16T16:52:24.225Z,21,051-189-5257,081-388-0449,PPS,3680989T,https://randomuser.me/api/portraits/men/6.jpg,https://randomuser.me/api/portraits/med/men/6.jpg,https://randomuser.me/api/portraits/thumb/men/6.jpg,IE
female,Mrs,Alison,Horton,1645,Grove Road,Arklow,Louth,Ireland,10996,83.3814,-151.8323,+1:00,"Brussels, Copenhagen, Madrid, Paris",alison.horton@example.com,ec4ba496-8714-45c6-8b66-c139251f0096,ticklishmeercat365,buck,LbFEpJAg,f829e4933d850e4e4248239dc24d71fb,a22af7ea0f868c733e57e23ddaf846c760debc91,00087f014c0f83f201eddf15a4e1ffaf302dc6fd3ef1d16b65e3ccbb8cd04049,1971-11-28T23:25:21.109Z,52,2007-11-30T16:30:05.664Z,16,061-192-9202,081-839-6341,PPS,0910885T,https://randomuser.me/api/portraits/women/71.jpg,https://randomuser.me/api/portraits/med/women/71.jpg,https://randomuser.me/api/portraits/thumb/women/71.jpg,IE
male,Mr,Felix,Robinson,3840,Cobham Drive,Masterton,Canterbury,New Zealand,57903,-53.7300,-6.0081,-1:00,"Azores, Cape Verde Islands",felix.robinson@example.com,3a24f8a8-aa60-4c38-b91e-2d350a3131ae,angrykoala766,darren,kUkCo7YN,d1d1b7124c6b6d992b868f6f380df609,3ff939128dee69bc8d3c5d74f83f80cf0f421a3a,5a9e6a1666ae5fb217c3c1da0ea5cbee0acee685327ff9b905f0f1e734f18c24,1996-10-25T20:06:04.014Z,27,2013-12-21T18:26:02.810Z,10,(377)-111-6668,(806)-098-0093,,null,https://randomuser.me/api/portraits/men/36.jpg,https://randomuser.me/api/portraits/med/men/36.jpg,https://randomuser.me/api/portraits/thumb/men/36.jpg,NZ
male,Mr,Cléo,Gautier,9269,Rue des Chartreux,Nancy,Gironde,France,38278,6.7211,-138.5378,+1:00,"Brussels, Copenhagen, Madrid, Paris",cleo.gautier@example.com,1490d070-1779-4c33-9b08-7c05c244382b,angrycat219,aside,Bj4ZgQNi,d05ccd2490cbdc6714108c932bcbc6a8,aa34eba66f704d110f80a430d464bd28a8432759,6ca62e2bec51544e946fdd0d7e58450fb8a19dc1aa15cf90a311f90cec91596b,1958-05-29T05:37:08.614Z,65,2006-09-25T12:41:29.407Z,17,05-07-71-63-77,06-92-87-46-83,INSEE,1580447153789 30,https://randomuser.me/api/portraits/men/14.jpg,https://randomuser.me/api/portraits/med/men/14.jpg,https://randomuser.me/api/portraits/thumb/men/14.jpg,FR
female,Mrs,Christine,Bryant,1574,Bollinger Rd,Waterbury,Montana,United States,75516,0.2369,-45.3242,+3:00,"Baghdad, Riyadh, Moscow, St. Petersburg",christine.bryant@example.com,b5a2fc0a-958c-4e5d-8568-777d283e6d16,brownduck359,jessica1,FZekCHhl,8595b26e00b72d6e071f66ca097c58e7,d1fc84e92432f8047cccc2d8a19f2b1c766f61d5,0bd217be0fa40dd26b21a3d8ac52611a079c7fd9ef05b20f99f0cad0f78f559e,1987-08-16T16:49:51.164Z,36,2017-08-06T15:11:15.337Z,6,(657) 655-8102,(940) 395-9274,SSN,708-59-7911,https://randomuser.me/api/portraits/women/11.jpg,https://randomuser.me/api/portraits/med/women/11.jpg,https://randomuser.me/api/portraits/thumb/women/11.jpg,US
male,Mr,Kent,Morris,8658,West Street,City of London,Powys,United Kingdom,ZC3 2WP,-24.8975,39.0048,+8:00,"Beijing, Perth, Singapore, Hong Kong",kent.morris@example.com,6da752e5-ac44-45a6-83f3-fd56520ee750,crazyladybug911,italian,7JQo0olq,4b2c13f1eb0225fcf9110d05129eca03,2f5318e38ee0e3b465d26db22bc462c68fc885db,e359472fc5ab75bf92bb99dd23cfa5d24b31091bdad37b92ae9efac0a96ae519,1991-10-26T20:50:54.221Z,32,2018-03-20T03:16:24.594Z,6,01824 130195,07930 671937,NINO,RG 49 05 94 X,https://randomuser.me/api/portraits/men/79.jpg,https://randomuser.me/api/portraits/med/men/79.jpg,https://randomuser.me/api/portraits/thumb/men/79.jpg,GB
female,Mrs,Chaithra,Bhat,1217,Jagadamba Centre,Gudivada,Maharashtra,India,55386,40.3145,90.9242,-6:00,"Central Time (US & Canada), Mexico City",chaithra.bhat@example.com,ea2940d0-8fa1-4575-887a-879445c775a5,bigduck423,hunter1,eogb7Yfi,d4d8796fb463d9bcb30d87e8a8f9bb0a,6503438d0f4ee7509d96935873b20f7b7b1c7acf,2989ad77745d0541add5261d79ba27027c2a483e54ff5854d417f396bef47b68,1968-04-24T04:27:49.158Z,55,2002-04-05T07:05:31.227Z,22,7390900767,9147906479,UIDAI,306320944380,https://randomuser.me/api/portraits/women/49.jpg,https://randomuser.me/api/portraits/med/women/49.jpg,https://randomuser.me/api/portraits/thumb/women/49.jpg,IN
male,Mr,Kadir,Karaer,7467,Şehitler Cd,Rize,Balıkesir,Turkey,44481,-21.6352,-52.4160,-3:30,Newfoundland,kadir.karaer@example.com,de2c342e-637b-495d-a5e5-f69ee6c967c6,bigpanda198,amstel,Q33E79If,49c81a22e794a9578b4d80567b822bbd,00825e7754b8b7e90646152dc1666643e00e8fe2,922efba7cd61f13259bb0b8a13fe65297f32a2f5e3fd36f3e21a3111cdfb3976,1948-01-31T21:24:45.525Z,76,2011-01-31T16:57:36.240Z,13,(813)-854-0157,(604)-315-3752,,null,https://randomuser.me/api/portraits/men/60.jpg,https://randomuser.me/api/portraits/med/men/60.jpg,https://randomuser.me/api/portraits/thumb/men/60.jpg,TR
female,Madame,Françoise,Menard,3672,Cours Charlemagne,Duillier,Appenzell Innerrhoden,Switzerland,5029,70.7230,76.7607,-5:00,"Eastern Time (US & Canada), Bogota, Lima",francoise.menard@example.com,1d4c5937-993b-454e-a801-a8cba4f9a3ce,bluegoose251,australia,isE0tpYW,e8febc82bdbd7c12088b77372a648d93,accaebabd2eba1f28c7a99b1a6c5120bb827462b,a377268aaf892adb926ceb193929718605e194b688b03017bb3d1d3fd86e4a62,1954-02-27T19:58:22.881Z,70,2008-08-19T00:59:21.815Z,15,077 061 43 37,077 474 94 51,AVS,756.1317.8935.67,https://randomuser.me/api/portraits/women/7.jpg,https://randomuser.me/api/portraits/med/women/7.jpg,https://randomuser.me/api/portraits/thumb/women/7.jpg,CH
male,Mr,Santiago,Caraballo,3249,Calzada Hidalgo,Cosautlán de Carvajal,Ciudad de Mexico,Mexico,51746,-74.2577,42.3987,-2:00,Mid-Atlantic,santiago.caraballo@example.com,12dbea52-41f2-44e0-9fc2-1974c84f2550,yellowbutterfly684,daniela,eMHPnK24,29023e6a61f1597ab7beaec4d7612533,7c287fc7fb5fe8a75039ebcb421c438522f931e3,e663aefd21bd5f1428f1db6dac0824822f38ea3bb102677a83846ae5fa4d283e,1982-03-21T20:20:21.742Z,42,2005-04-02T04:07:52.700Z,19,(602) 030 0259,(684) 519 9021,NSS,09 80 50 2295 4,https://randomuser.me/api/portraits/men/1.jpg,https://randomuser.me/api/portraits/med/men/1.jpg,https://randomuser.me/api/portraits/thumb/men/1.jpg,MX
female,Miss,Annabelle,Tremblay,9483,York St,Carleton,Alberta,Canada,Q9S 0V3,-54.9707,-91.3104,+9:30,"Adelaide, Darwin",annabelle.tremblay@example.com,ef8252d6-c4a5-40b7-bc58-314058686ef9,goldenzebra349,gertrude,DGJjCyH5,81490979daafcdfee91acc640b3eb5e5,42ec3e1f26a3bc4a872a5c138be0f845c0e286aa,ed83dbec83ef067d18ef0e559b180a7108dff22d316ccadce64f19d51f565916,1989-05-20T12:12:22.095Z,34,2006-05-25T01:13:10.669Z,17,N87 J89-1207,X42 Z71-0889,SIN,470040767,https://randomuser.me/api/portraits/women/1.jpg,https://randomuser.me/api/portraits/med/women/1.jpg,https://randomuser.me/api/portraits/thumb/women/1.jpg,CA
female,Madame,Camilla,Brun,4750,Avenue Tony-Garnier,Mümliswil-Ramiswil,Zürich,Switzerland,7741,67.5730,34.7396,+5:00,"Ekaterinburg, Islamabad, Karachi, Tashkent",camilla.brun@example.com,01f65792-5f0c-4c11-b44b-3fba40899886,bluelion959,mollydog,Dz3fEtAt,181695fd695947fc13f9e743abb9488f,cb5c7d1dba9606ee3db56e48d164f44e272bff42,fd47857e81d5b8eb369e198417be16bf202730005465493dc3029463e08ffccc,1989-12-26T12:07:11.373Z,34,2012-02-16T13:17:55.841Z,12,075 397 90 12,075 684 96 34,AVS,756.8276.9040.19,https://randomuser.me/api/portraits/women/25.jpg,https://randomuser.me/api/portraits/med/women/25.jpg,https://randomuser.me/api/portraits/thumb/women/25.jpg,CH
male,Mr,Veit,Kunz,2992,Industriestraße,Tanna,Thüringen,Germany,49423,37.8183,72.5814,+5:45,Kathmandu,veit.kunz@example.com,88301c6a-c3d4-4e88-ae60-e7468cf88bef,angrywolf486,lebowski,bKKupWjm,261eac408f02c4c01b5b780d048deb56,a53a9c14c44e93cfc18f649e838195625895fd67,7fd2bc899553dfdddb38ce41b0a0908e5a6680e7066cb813d1ab540e01e7efc6,1980-07-07T09:20:05.522Z,43,2007-09-09T08:42:04.760Z,16,0608-0370432,0178-9744788,SVNR,09 070780 K 477,https://randomuser.me/api/portraits/men/64.jpg,https://randomuser.me/api/portraits/med/men/64.jpg,https://randomuser.me/api/portraits/thumb/men/64.jpg,DE
female,Ms,Roshel,Chubatenko,9008,Ustima Karmelyuka,Gnivan,Kiyivska,Ukraine,33998,65.7883,-159.0071,+9:00,"Tokyo, Seoul, Osaka, Sapporo, Yakutsk",roshel.chubatenko@example.com,7b1ef4ef-9a80-496c-a265-7f7235949993,sadzebra897,babyblue,iD5P6GZQ,05a9f1c965fef7982477238e0ce2ab6c,03430a38502b90f6c91991c150d195465e4eb31a,d343c23317dda5e7b63f9c16fe3715855e61e3b78742f1600b4865f0c5d7211d,1951-06-09T08:03:06.183Z,72,2010-03-09T11:53:14.294Z,14,(099) P16-2839,(068) Q83-9101,,null,https://randomuser.me/api/portraits/women/66.jpg,https://randomuser.me/api/portraits/med/women/66.jpg,https://randomuser.me/api/portraits/thumb/women/66.jpg,UA
male,Mr,Julián,Ferrer,9519,Avenida de América,San Sebastián,Castilla y León,Spain,93889,84.2667,-12.4125,+5:00,"Ekaterinburg, Islamabad, Karachi, Tashkent",julian.ferrer@example.com,d6b1ed21-0fed-4120-bc14-4546e15da7d9,purplecat901,summer,Cbq7VPoA,2588c807dd1daf8c5a214a87e4b689c4,037ba33254f4f8a2abcdcf875a214f513ce94841,3125570371288c1d25ab3c32c66d841739297d2239d278ea8d6ea007dd518ff9,1954-10-08T10:56:49.625Z,69,2015-11-29T18:11:50.341Z,8,987-491-884,630-072-866,DNI,65003552-Q,https://randomuser.me/api/portraits/men/25.jpg,https://randomuser.me/api/portraits/med/men/25.jpg,https://randomuser.me/api/portraits/thumb/men/25.jpg,ES
male,Mr,Sebastian,Watts,5972,Pockrus Page Rd,Brisbane,Tasmania,Australia,9446,-33.0178,-96.7447,-4:00,"Atlantic Time (Canada), Caracas, La Paz",sebastian.watts@example.com,8fc201e6-b658-40d9-b0d0-e77472b186e6,goldencat480,brittany,DF0RZJBP,59e4d2eed7e254b06f0f2109c05ca72c,a8a550e62944059a36b14d8e40d8e082715d5684,90db3cf206b26cc980272b8fda95f375a1b679b524b9aa71da88b2f63097f81a,1949-02-28T15:17:45.199Z,75,2004-05-24T14:19:42.706Z,19,00-9570-6059,0462-809-673,TFN,502940617,https://randomuser.me/api/portraits/men/51.jpg,https://randomuser.me/api/portraits/med/men/51.jpg,https://randomuser.me/api/portraits/thumb/men/51.jpg,AU
male,Mr,Gustavo,Montero,4460,Calle Nebrija,Arrecife,Cataluña,Spain,89080,0.2629,175.3639,-2:00,Mid-Atlantic,gustavo.montero@example.com,fc2e801b-b526-4d64-bb0c-31b74e65391f,angrybutterfly267,antelope,8Ts4JpYI,2d65dedd6b0b47d3c82c5fcffda3dce7,5d34ff8e6be562fad38c4aff8c921eb47c4d6bf9,d85b62752f0989cd6a439cf779ce0b2660fdc861657439cbddf7df9b65d28da1,1949-12-18T20:02:16.867Z,74,2007-08-18T21:30:07.394Z,16,945-610-650,620-533-941,DNI,32616268-M,https://randomuser.me/api/portraits/men/75.jpg,https://randomuser.me/api/portraits/med/men/75.jpg,https://randomuser.me/api/portraits/thumb/men/75.jpg,ES
male,Mr,Craig,Holt,3255,Rectory Lane,Canterbury,Durham,United Kingdom,EI58 3BT,-21.3628,170.1144,-8:00,Pacific Time (US & Canada),craig.holt@example.com,51b7b615-cfd4-4bc5-9606-946b79371e14,lazypeacock212,444444,nJsdX91p,e0494583d35e62256c54be160b327d0d,e82e2830c13f2790840d30f28c8cecfb323906a5,26fd0c57a01c66e5e6bf0eead4cc480903a4d1e880065f09816843a0a9c3d760,1952-09-17T09:29:22.901Z,71,2010-10-30T08:14:01.043Z,13,01463 85664,07091 590513,NINO,RG 01 12 29 H,https://randomuser.me/api/portraits/men/76.jpg,https://randomuser.me/api/portraits/med/men/76.jpg,https://randomuser.me/api/portraits/thumb/men/76.jpg,GB
male,Mr,Umut,Erkekli,4402,Doktorlar Cd,Adıyaman,İzmir,Turkey,38140,-4.6229,80.8730,-11:00,"Midway Island, Samoa",umut.erkekli@example.com,730eb3cd-50b1-4117-b4d9-cec517a26c2f,angryfish623,2469,27nJGypb,418f853499f75b68b26e87494ad907f6,6a8402352c1ac2b1fd03433fa4536c95fba27b67,cfb25976b3d2f77f21b408cf404248f39553b8496a554fe67ee8da955aa6f718,1978-12-01T13:34:39.748Z,45,2003-03-07T20:19:56.000Z,21,(246)-992-3920,(539)-075-9640,,null,https://randomuser.me/api/portraits/men/87.jpg,https://randomuser.me/api/portraits/med/men/87.jpg,https://randomuser.me/api/portraits/thumb/men/87.jpg,TR
male,Mr,Stoymir,Gurinenko,3306,Lermontovska,Krolevec,Chernivecka,Ukraine,66007,-24.8185,13.5622,+9:00,"Tokyo, Seoul, Osaka, Sapporo, Yakutsk",stoymir.gurinenko@example.com,94ccb6d7-b07a-413b-85a0-5c2a5f8b1b36,whitemouse981,123654,m3ZFMnd1,b40ba34407f1f7203fdc1daa6ffbd0dd,104785ebec6fa483e86b426f381e20664167ad1b,cf51f8d49fe0ef05c9d5a0673d74e55a02dc5dff06decd4ad485146c561cf343,1996-07-14T23:14:45.132Z,27,2011-07-18T22:22:16.432Z,12,(097) J56-2727,(098) F91-4503,,null,https://randomuser.me/api/portraits/men/90.jpg,https://randomuser.me/api/portraits/med/men/90.jpg,https://randomuser.me/api/portraits/thumb/men/90.jpg,UA
female,Miss,Dariya,Gordasevich,4153,Kocilovskogo,Bar,Luganska,Ukraine,57496,41.9310,24.4002,+9:30,"Adelaide, Darwin",dariya.gordasevich@example.com,d4b8ec94-25d1-477d-a7a2-438d3a1c12c1,goldenladybug548,fanny,cWNBxEk6,d8f1f54d3092d2079e88284704881933,365767ba90e0e1069094a6ef8859b0db7f1d678f,554a3dd6d237e61f3b8671c85567fa99a2ed05732bff703e6231bb9611ddf4a1,1951-06-16T06:45:31.652Z,72,2012-12-08T00:31:11.666Z,11,(097) J98-3831,(096) R97-4188,,null,https://randomuser.me/api/portraits/women/75.jpg,https://randomuser.me/api/portraits/med/women/75.jpg,https://randomuser.me/api/portraits/thumb/women/75.jpg,UA
female,Mrs,Gina,Kollmann,8802,Schillerstraße,Waldbröl,Hessen,Germany,84212,-48.7742,-131.5569,-9:00,Alaska,gina.kollmann@example.com,626f8395-b1e7-4d82-b3d1-bd0bad905ec7,orangedog459,courage,d0ts5xnV,bdf77e0ab12a01064cf3c0cbd42a0711,b4e2fbb78ef91793b594b0876754938aa0c5c584,f5345190d5522b2e580418c3cac9338ade4db2a656cd726738cba1a0d5e13ce1,1988-07-06T08:29:36.490Z,35,2019-04-16T22:24:14.935Z,5,0960-4345519,0178-9307943,SVNR,45 060788 K 602,https://randomuser.me/api/portraits/women/9.jpg,https://randomuser.me/api/portraits/med/women/9.jpg,https://randomuser.me/api/portraits/thumb/women/9.jpg,DE
male,Mr,Bruce,Ray,5338,Church Street,Listowel,Tipperary,Ireland,48284,87.6496,27.7670,-5:00,"Eastern Time (US & Canada), Bogota, Lima",bruce.ray@example.com,f22bbea8-8b08-463f-80be-9eea86b4f186,purplebutterfly971,jaguar1,Ig776RqS,5221df014fdb4df7f58317927d79954e,46cbfac650e5694e6ee2550348310e6da63edf78,1ca50ecc13b1a6bd3d7367084f218bebfb62184e585e933f5e3fe359654b1b53,1988-12-27T22:45:38.418Z,35,2012-02-15T11:40:50.925Z,12,011-501-6478,081-220-9524,PPS,6707890T,https://randomuser.me/api/portraits/men/98.jpg,https://randomuser.me/api/portraits/med/men/98.jpg,https://randomuser.me/api/portraits/thumb/men/98.jpg,IE
female,Miss,Zuzanna,Yusuf,9864,Karsten Kjelbergs vei,Flekke,Hedmark,Norway,0669,54.1465,163.6898,+7:00,"Bangkok, Hanoi, Jakarta",zuzanna.yusuf@example.com,66d52d67-da11-4999-b7a8-41cc5edb62c7,ticklishmouse532,madness,8ui2DQHl,d231bb73960e431816d620d46b571d0a,205b97405cf4832f1c49452dfefee922db65200f,07b6740f16a8a7bc3cdacd18828da764fd0c3536ed1a41ee355eb51586d469df,1998-12-18T21:52:27.696Z,25,2011-08-31T02:13:02.385Z,12,51593271,47768666,FN,18129812229,https://randomuser.me/api/portraits/women/92.jpg,https://randomuser.me/api/portraits/med/women/92.jpg,https://randomuser.me/api/portraits/thumb/women/92.jpg,NO
male,Mr,Ramon,Simmmons,6591,E Pecan St,Busselton,Northern Territory,Australia,7964,-12.7965,-133.9577,+11:00,"Magadan, Solomon Islands, New Caledonia",ramon.simmmons@example.com,b951d201-921c-4ef2-bf82-3fed0e6841d7,happytiger598,oracle,rZisKMZE,25efc6e6d6f90803756d517e30ec4696,d041601a859410bfbd5e16fc687566027733909a,92154d884a34bb77f730112c456bb58f274befdfa64c9b6900ab41ddfd3195e3,1963-06-02T05:23:04.638Z,60,2009-08-31T23:12:30.019Z,14,03-7785-7730,0424-736-644,TFN,372127766,https://randomuser.me/api/portraits/men/43.jpg,https://randomuser.me/api/portraits/med/men/43.jpg,https://randomuser.me/api/portraits/thumb/men/43.jpg,AU
female,Ms,Judith,Jennings,4027,Victoria Street,St Albans,Cornwall,United Kingdom,CF1P 4PH,-37.3797,-128.1410,+5:00,"Ekaterinburg, Islamabad, Karachi, Tashkent",judith.jennings@example.com,5e0462ed-a005-4372-af1f-e601a34ce1cf,silverdog281,jessica1,6sV9m5Hn,6702f2cbabcc9df51f1e9979c80f9745,e838f469703033f4f00e21e341d9b7bf664b88af,044aef14bf3fe8649ab55d57666d994d6b85f2d86f20cef425093ffb3c46194c,1991-08-07T01:40:01.527Z,32,2011-10-21T03:11:17.753Z,12,016977 0145,07759 862530,NINO,GG 14 80 03 X,https://randomuser.me/api/portraits/women/12.jpg,https://randomuser.me/api/portraits/med/women/12.jpg,https://randomuser.me/api/portraits/thumb/women/12.jpg,GB
female,Ms,Meral,Erginsoy,3098,Fatih Sultan Mehmet Cd,Rize,Adıyaman,Turkey,84700,-42.5844,-19.0987,-3:00,"Brazil, Buenos Aires, Georgetown",meral.erginsoy@example.com,226916db-7950-43ae-85ae-f164e023d6dd,bigtiger681,blaine,JJ2mjOS2,aec234514f70bedc4a160d0ddae734e9,39a14d46f0f913cbb94add68413dd131ab2071f2,9d9fc7f05fb7273915bb47bb81850cc15c6916152527c0101176bb41a5c6ce48,1996-05-09T16:30:04.225Z,27,2007-09-16T20:33:23.970Z,16,(757)-822-6619,(281)-685-8224,,null,https://randomuser.me/api/portraits/women/76.jpg,https://randomuser.me/api/portraits/med/women/76.jpg,https://randomuser.me/api/portraits/thumb/women/76.jpg,TR
male,Mr,Mihailo,Ristović,2001,Marte Jorgović ,Smederevska Palanka,Jablanica,Serbia,48847,-17.9219,55.6962,+5:00,"Ekaterinburg, Islamabad, Karachi, Tashkent",mihailo.ristovic@example.com,97733dbc-27a2-4778-bf2e-490961339146,whiteelephant173,starligh,QyHrZH2m,e7d450bd0cbc5337defd22a30cd0c401,d9b115f61e5be1e2ec1a5494aa7e1151bfffcdb3,fb21f3f66b21c41e1a40ac356d7fd328f872a2f00ac0a7a6c8b071ede990efc8,1961-04-13T16:25:14.301Z,63,2020-08-22T01:04:48.090Z,3,016-5379-239,067-3729-790,SID,363802665,https://randomuser.me/api/portraits/men/74.jpg,https://randomuser.me/api/portraits/med/men/74.jpg,https://randomuser.me/api/portraits/thumb/men/74.jpg,RS
male,Mr,Clayton,Hawkins,4274,Valley View Ln,Orange,Minnesota,United States,97192,3.2505,37.9102,+1:00,"Brussels, Copenhagen, Madrid, Paris",clayton.hawkins@example.com,5979e6b7-beca-4bd0-9928-e0e4891c79f6,redlion435,paragon,cFVvUlBA,1bfb72704d898e16fde4f35e986d8889,5bc6c0518bac8ea55eeed7b9c44356495ca15249,0fe52d29d8a5d568adf5cd2a26eeda1c609688461697a0e1382e9a3c6027904e,1983-01-15T14:46:51.388Z,41,2003-08-21T07:58:32.381Z,20,(705) 437-6943,(700) 403-3199,SSN,275-01-4958,https://randomuser.me/api/portraits/men/51.jpg,https://randomuser.me/api/portraits/med/men/51.jpg,https://randomuser.me/api/portraits/thumb/men/51.jpg,US
female,Mrs,Jale,Snoeijer,3513,Erik de Rodestraat,Schijf,Flevoland,Netherlands,3973 PL,23.0026,96.6738,+6:00,"Almaty, Dhaka, Colombo",jale.snoeijer@example.com,65f83476-ab38-44ba-96ef-3ea52d306f4e,greenfish478,justin,UDe0qSfh,9073fadd463d3a3d6ec0703b79fdf41b,d8b388fcc98269c156294509e0a41b785aa64ec8,144c047b17ef87dd2d915388e5b812f5ceec8f6f896f6178998313d273cf477f,1992-04-30T08:40:55.220Z,31,2017-01-30T08:35:14.203Z,7,(028) 1801287,(06) 32480251,BSN,80245145,https://randomuser.me/api/portraits/women/82.jpg,https://randomuser.me/api/portraits/med/women/82.jpg,https://randomuser.me/api/portraits/thumb/women/82.jpg,NL
male,Mr,Stefaniy,Bilokon,5535,Putivlska,Uman,Dnipropetrovska,Ukraine,76115,-3.7257,-63.6793,+5:30,"Bombay, Calcutta, Madras, New Delhi",stefaniy.bilokon@example.com,9f41eee0-e046-42ad-a646-1e34d9c04129,heavycat120,soldier,HhrnBm6g,22c6ecb833154d51b67307f5d94f49ca,45b5045fbe16936c334d6f86cbf00c16e5b92975,f96f618dccbbf8a542af9ac70e1b90095c2978cd2e4ca2558bef6184603c7767,1971-03-12T19:48:27.292Z,53,2004-09-04T04:03:00.076Z,19,(097) L52-4861,(067) J50-2327,,null,https://randomuser.me/api/portraits/men/86.jpg,https://randomuser.me/api/portraits/med/men/86.jpg,https://randomuser.me/api/portraits/thumb/men/86.jpg,UA
female,Ms,Amanda,Nødland,7895,Simensbråtveien,Hesseng,Aust-Agder,Norway,7342,-58.5412,-106.6710,+9:00,"Tokyo, Seoul, Osaka, Sapporo, Yakutsk",amanda.nodland@example.com,4ba8fe02-1342-4deb-b80b-f5cd4a1c7a44,organicpeacock670,funfun,UMdkkqmz,625bbaacf170251d8960868343b22406,375e1a8e29bf82c15b6728779299e6434de2068e,e9cde0d2ab804387c3781b6dd10adf301a491546268a93a26fe23452c89261d4,1998-05-09T22:14:21.602Z,25,2015-07-16T05:51:21.667Z,8,27958429,44969578,FN,09059813002,https://randomuser.me/api/portraits/women/44.jpg,https://randomuser.me/api/portraits/med/women/44.jpg,https://randomuser.me/api/portraits/thumb/women/44.jpg,NO
male,Mr,Ray,Baker,4121,Eason Rd,Traralgon,Western Australia,Australia,1027,-44.7078,-45.9252,+4:30,Kabul,ray.baker@example.com,51d46b2a-3ab0-4848-93f6-f540f734bdd6,blackmouse230,bennett,qjWk3Z5Q,e099f64e112e981e566625a2d58a302e,d7e88c4a007c743e77c6aa9e18aad300fc2c0c46,a3727d92d7b4b1eb19b491747a4fd08405285e16f317f53a6f675a982668655d,1970-12-30T01:13:38.263Z,53,2013-01-31T01:54:36.946Z,11,01-5968-4614,0499-378-056,TFN,219949099,https://randomuser.me/api/portraits/men/81.jpg,https://randomuser.me/api/portraits/med/men/81.jpg,https://randomuser.me/api/portraits/thumb/men/81.jpg,AU
male,Mr,Mateus,Monteiro,6990,Travessa dos Martírios,Itaboraí,Pernambuco,Brazil,19729,-7.4759,83.9140,+4:30,Kabul,mateus.monteiro@example.com,17ee4d3c-672e-4026-82e8-d8868a4f03f4,sadpanda256,markie,bvBb5iKy,f26176451fa26d0fc63490542917def3,5ec1151c4eca996b55a0255034f4ef11be25b4e7,59f6136217e672a852b4dbc926e01de3e87d8a99901dc29c4c007c43516bbc06,1964-01-29T00:26:39.014Z,60,2014-11-04T11:27:49.889Z,9,(50) 5804-7361,(97) 1198-4296,CPF,079.022.753-62,https://randomuser.me/api/portraits/men/19.jpg,https://randomuser.me/api/portraits/med/men/19.jpg,https://randomuser.me/api/portraits/thumb/men/19.jpg,BR
female,Ms,Lily,French,7093,Lake of Bays Road,Windsor,New Brunswick,Canada,Y3O 2F0,42.8710,-6.9866,+5:00,"Ekaterinburg, Islamabad, Karachi, Tashkent",lily.french@example.com,044dbb0f-660f-457e-9314-01bffd38e9cd,organicswan363,cinnamon,YZ4ZPYj1,3f05f040d4898c225463f38ff1f4a37e,76651356e45de60a083d740ea7e89dc8818c09d6,145c06ea2d293d58e33dfef4659c5977e7ff904697d71679c7a90691e173cae0,1946-04-14T17:31:15.604Z,78,2004-08-08T22:29:53.387Z,19,T83 V39-2033,P74 H61-9733,SIN,649173499,https://randomuser.me/api/portraits/women/35.jpg,https://randomuser.me/api/portraits/med/women/35.jpg,https://randomuser.me/api/portraits/thumb/women/35.jpg,CA
male,Mr,Flint,Van Bodegraven,2809,Chromiumweg,Varssel,Noord-Brabant,Netherlands,3186 VT,-3.1371,-116.8723,-1:00,"Azores, Cape Verde Islands",flint.vanbodegraven@example.com,05d4abeb-5a7a-44da-846e-8e16daec28c5,bluefrog808,seven,9QaRos9s,40c4b2714a9d1ab15b62f245a8b35008,5b3e8f7535b477b8566d47b10fc32bd3c44cc613,5034f13bff68881f754a4bfed62718d7e54ca88bcac1d83e2de94b8871bee3f5,1969-06-30T10:23:21.997Z,54,2012-09-07T23:01:02.962Z,11,(0672) 497532,(06) 53826490,BSN,32811010,https://randomuser.me/api/portraits/men/92.jpg,https://randomuser.me/api/portraits/med/men/92.jpg,https://randomuser.me/api/portraits/thumb/men/92.jpg,NL
female,Ms,Namratha,Sullad,2468,Lamington Rd,Fatehpur,Himachal Pradesh,India,29559,35.1081,-97.9948,+4:00,"Abu Dhabi, Muscat, Baku, Tbilisi",namratha.sullad@example.com,c6475f68-951b-4031-84e9-04a8140ee2a7,greencat988,pascal,ss98utzL,fcc673008b7417b5bb4f60955f138df3,398879c50309a68ca526ffd9106926aa826106f7,99f934054d1243f155400e0aec4e9930e0c5c8e522e14d4cd7ae65ba9855c098,1946-02-07T10:16:37.340Z,78,2014-05-30T12:56:21.201Z,9,8924629628,7294597151,UIDAI,112345986817,https://randomuser.me/api/portraits/women/52.jpg,https://randomuser.me/api/portraits/med/women/52.jpg,https://randomuser.me/api/portraits/thumb/women/52.jpg,IN
female,Ms,Selma,Madsen,5411,Pilevænget,Gl. Rye,Danmark,Denmark,55925,2.5463,-3.1656,+8:00,"Beijing, Perth, Singapore, Hong Kong",selma.madsen@example.com,6a8a8631-e8e7-4627-b52e-fa40192df938,goldenleopard985,song,jtWBYKjk,7431790d8590f2b452f6d2b2f08cee22,29404ae4cd24cfaa96eca5c28b8560a8de29dde5,69954e391d982d950ff470b72ef01ef149365d48215f8f8b03eeb37049114c80,1994-08-19T05:47:49.924Z,29,2016-12-19T15:49:02.872Z,7,90384323,17395796,CPR,190894-2380,https://randomuser.me/api/portraits/women/17.jpg,https://randomuser.me/api/portraits/med/women/17.jpg,https://randomuser.me/api/portraits/thumb/women/17.jpg,DK
female,Ms,Sofia,Christensen,6606,Gammel Landevej,Hornbæk,Nordjylland,Denmark,62823,43.0830,-66.4828,+6:00,"Almaty, Dhaka, Colombo",sofia.christensen@example.com,dd177f59-e0ee-4f79-86a7-240909087396,sadfrog284,gundam,ePrU5pHh,bb982de7efc3c68dc5eca358754fda77,7d27f9799ad9079cf76127191ff6c79353b41d02,4f5e008e5bb70fef6ec9038a454a164f440044423b3411f282d04676444fb305,1989-02-10T07:05:45.600Z,35,2004-04-24T08:13:08.532Z,19,93341455,41028720,CPR,100289-4105,https://randomuser.me/api/portraits/women/8.jpg,https://randomuser.me/api/portraits/med/women/8.jpg,https://randomuser.me/api/portraits/thumb/women/8.jpg,DK
female,Ms,Ayşe,Çağıran,1503,Atatürk Sk,Sivas,Yalova,Turkey,88177,-71.4329,-115.3325,+11:00,"Magadan, Solomon Islands, New Caledonia",ayse.cagiran@example.com,d9474bb2-f3f3-413d-af95-711e21ce8c65,yellowduck675,kissing,AoQKqSHW,a3077035315c25ff64788efc3e76f6ed,0352385c79358318bb79550ee7c2da678d74f2ee,f0df955875a7fce8ad3a34a034bcf49a36c4e2988eeeb8f1a0d6596726dd7c59,1969-02-19T04:00:11.780Z,55,2017-03-17T09:24:34.828Z,7,(140)-052-9169,(913)-483-2732,,null,https://randomuser.me/api/portraits/women/70.jpg,https://randomuser.me/api/portraits/med/women/70.jpg,https://randomuser.me/api/portraits/thumb/women/70.jpg,TR
female,Ms,Mariola,Volz,2152,Friedhofstraße,Gundelsheim,Hessen,Germany,91276,21.6036,-33.1767,+1:00,"Brussels, Copenhagen, Madrid, Paris",mariola.volz@example.com,627282b2-73fd-4a40-bbe9-55bc222abbde,blackdog540,poetry,FRmrwZeT,a17e8f4f2a006662ed486734954df260,935ac3d620eda3ea0526626a2c55430e55242673,ec9279c1b8fff114a0355477149f87aa4c6312130358334c11b90fe4c50e815b,1964-12-18T22:11:04.140Z,59,2002-09-01T17:38:57.408Z,21,0902-8244091,0171-5693264,SVNR,60 181264 V 619,https://randomuser.me/api/portraits/women/2.jpg,https://randomuser.me/api/portraits/med/women/2.jpg,https://randomuser.me/api/portraits/thumb/women/2.jpg,DE
male,Mr,Benjamin,Gonzalez,9449,Boulevard de Balmont,Le Mans,Pyrénées-Orientales,France,83713,-86.9144,37.4626,-4:00,"Atlantic Time (Canada), Caracas, La Paz",benjamin.gonzalez@example.com,0fd11f66-7257-4eb8-9572-ed1ba2101233,sadfish655,shaolin,wwMoaDYv,fa069a35389d28903dbb9f6d6cbcba5a,591aa98cd2d31741e5cc67558922404e149a9513,79c4a4c23d2d4971ffe24b52ee62c91c368aac239d79ad086a8f34023f7b91ff,1977-08-22T15:32:22.574Z,46,2004-05-17T14:50:21.115Z,19,03-60-01-75-74,06-56-01-14-82,INSEE,1770751778848 18,https://randomuser.me/api/portraits/men/45.jpg,https://randomuser.me/api/portraits/med/men/45.jpg,https://randomuser.me/api/portraits/thumb/men/45.jpg,FR
female,Ms,Estelle,Renaud,6253,Rue Duguesclin,Amiens,Vosges,France,96595,-63.2139,112.9319,+9:30,"Adelaide, Darwin",estelle.renaud@example.com,0bb2a5cc-f3cc-46ad-86c1-94cdeff31682,bluefish681,rebelz,XOK6V5nA,1dc8471cd5ed92227b2bdef295a5de21,469cb0bee5d87e55977095b9b5a3ed9f9c9da35c,83d63975fdf70b004f2343b6aaa822e14886b8c5589c7193bf4debcf34685cce,1980-11-24T12:58:04.501Z,43,2016-05-22T15:21:30.998Z,7,03-01-19-78-68,06-49-40-78-68,INSEE,2801002488345 16,https://randomuser.me/api/portraits/women/59.jpg,https://randomuser.me/api/portraits/med/women/59.jpg,https://randomuser.me/api/portraits/thumb/women/59.jpg,FR
male,Mr,Leon,Carroll,7160,Cherry St,Albury,Victoria,Australia,732,-81.7107,164.2344,-4:00,"Atlantic Time (Canada), Caracas, La Paz",leon.carroll@example.com,8b8d1278-1373-434c-8189-c988d214e612,sadtiger594,wendy,KOjCfZL5,4dce37b290228fe7dc029d2e9c6e666c,5dd3e314354c6066eced110d3299377d05016d0f,2acaa98fc399b843730432676a464b616285111a7e447ed293335ce5c8447b9d,1969-07-30T07:26:18.401Z,54,2013-06-27T01:37:48.896Z,10,09-0563-1835,0416-955-977,TFN,256018730,https://randomuser.me/api/portraits/men/62.jpg,https://randomuser.me/api/portraits/med/men/62.jpg,https://randomuser.me/api/portraits/thumb/men/62.jpg,AU
female,Ms,Emmie,Chevalier,4739,Rue D'Abbeville,Rueil-Malmaison,Seine-Maritime,France,97709,83.2255,33.0241,-7:00,Mountain Time (US & Canada),emmie.chevalier@example.com,f4b6b0e8-ecf3-4275-9add-f3bff9a3f324,bigswan499,golden,QABJslwL,d8a5971a6e0faa9e20e8f61801832107,0cc69ad98edceef125d89231771e36d8cbfad94d,dfe8f912dbf96ac3d594f575488fa61b37024c6c72b164fc133a1e221049bf57,1991-12-02T01:11:23.215Z,32,2020-11-24T04:26:57.392Z,3,02-16-17-47-30,06-11-45-64-60,INSEE,2911134352644 82,https://randomuser.me/api/portraits/women/83.jpg,https://randomuser.me/api/portraits/med/women/83.jpg,https://randomuser.me/api/portraits/thumb/women/83.jpg,FR
female,Miss,Generosa,da Cunha,9149,Rua São Luiz ,Cubatão,Minas Gerais,Brazil,37556,-5.7419,-85.3890,+10:00,"Eastern Australia, Guam, Vladivostok",generosa.dacunha@example.com,7edcc818-d269-42d4-b251-2e8101baad03,tinyelephant298,1951,UCbjEdzS,3582f7e0778b28f299998a63a0619a1c,8c4a946c21b4a06d4c5ea737e001d900ab8f9103,5604734383f51512d70e31b0da8f51c7620710d704f731271bfbb31381695760,1970-03-30T02:00:16.104Z,54,2006-05-19T02:17:11.364Z,17,(68) 5299-9205,(62) 2746-6480,CPF,432.690.331-06,https://randomuser.me/api/portraits/women/74.jpg,https://randomuser.me/api/portraits/med/women/74.jpg,https://randomuser.me/api/portraits/thumb/women/74.jpg,BR
male,Mr,Luis,Bryant,1031,New Road,Southampton,Shropshire,United Kingdom,D9Y 3HA,46.2777,75.5032,+2:00,"Kaliningrad, South Africa",luis.bryant@example.com,75f3e1bb-27d1-443b-ae02-969af693126d,beautifulwolf721,puddin,YwSlEbJ0,e721acdc2812b9a43fec675944f73122,8bdf3503f8fc3ccaf0ced7e6cea64a23a19be8cb,ebb385ba39466970c01f5633883ed1052f85c2a03829f1c5154c02271ffd195c,1999-12-14T07:43:42.287Z,24,2022-04-25T13:30:45.123Z,1,013873 35255,07154 962301,NINO,WJ 95 22 38 H,https://randomuser.me/api/portraits/men/14.jpg,https://randomuser.me/api/portraits/med/men/14.jpg,https://randomuser.me/api/portraits/thumb/men/14.jpg,GB
male,Mr,Viljami,Hamalainen,8772,Tehtaankatu,Kiuruvesi,Tavastia Proper,Finland,80604,-66.4852,45.6733,+4:00,"Abu Dhabi, Muscat, Baku, Tbilisi",viljami.hamalainen@example.com,6b5a5d13-c6ea-463d-8a1f-13f27ed5e602,greenleopard645,dilligaf,UAyqTXEr,7f8644d9f0eca46ff228a9e1d15c1b22,98d962038c93261705d2b970af06006029374ead,6d15132d77080097d7d649d061e76c3be73105433fdde05ad263aa4c45ab1dd7,1988-05-05T15:41:36.977Z,35,2006-03-01T18:20:35.019Z,18,02-504-078,048-138-93-30,HETU,NaNNA541undefined,https://randomuser.me/api/portraits/men/28.jpg,https://randomuser.me/api/portraits/med/men/28.jpg,https://randomuser.me/api/portraits/thumb/men/28.jpg,FI
male,Mr,Luke,Jones,2701,Hanover Street,Napier,Otago,New Zealand,57431,-62.8457,-43.3872,+6:00,"Almaty, Dhaka, Colombo",luke.jones@example.com,27ac6abf-d3f1-41ba-8e61-9b3e5b88c1af,whiteostrich244,secret,CxdORQT0,4a7effe6d850c49b7e4716e956a589ac,7f3b1807e13216ffc8e17676fa6b302a153366b1,11882e70397c15db1b2e7d3a9a9eb07260a68ed96dab0beb81b1bcbd7889ace5,1997-07-10T23:36:24.833Z,26,2016-11-06T23:24:28.031Z,7,(364)-301-6192,(120)-066-5237,,null,https://randomuser.me/api/portraits/men/40.jpg,https://randomuser.me/api/portraits/med/men/40.jpg,https://randomuser.me/api/portraits/thumb/men/40.jpg,NZ
female,Ms,Meenakshi,Dalvi,2268,Rajaji Salai,Bally,Arunachal Pradesh,India,99306,-73.1414,-48.5106,+4:00,"Abu Dhabi, Muscat, Baku, Tbilisi",meenakshi.dalvi@example.com,3d899f32-e6a1-4920-9de5-2553d88a9b2b,brownmouse539,shoes,2H9MlDwW,05d176b0c09e4f58c64168fabf4dbc1b,58b73bd6c0f9a7f1436c90fab80a78c63a0c615d,dd61377308e5ca9dea74bce5d93d357ccb2412112fd2d7e37aaac2ad863b7969,1959-08-01T02:04:38.640Z,64,2005-05-14T10:39:44.229Z,18,9479731229,9980318975,UIDAI,777528260580,https://randomuser.me/api/portraits/women/0.jpg,https://randomuser.me/api/portraits/med/women/0.jpg,https://randomuser.me/api/portraits/thumb/women/0.jpg,IN
female,Miss,Cora,Oliveira,5830,Avenida Brasil ,Patos de Minas,São Paulo,Brazil,85387,-46.8663,-35.2083,+1:00,"Brussels, Copenhagen, Madrid, Paris",cora.oliveira@example.com,f19f7e9a-2293-4155-9813-10ed12713560,heavyduck214,brandy1,PSTGqEHl,d96189d9c7eaf66be4769fdd91cc4c7c,fb3525d795f3a88c73ea82ee1440a68e2303d459,79039c2edcb784a7c2ff5a100c86e665ac10ee430f37e900538bb7d6a77e9c3d,1985-04-24T02:24:48.069Z,38,2005-10-28T04:28:02.042Z,18,(21) 1971-0096,(06) 0574-3444,CPF,275.583.802-78,https://randomuser.me/api/portraits/women/36.jpg,https://randomuser.me/api/portraits/med/women/36.jpg,https://randomuser.me/api/portraits/thumb/women/36.jpg,BR
male,Mr,Okan,Durak,4267,Bağdat Cd,Sakarya,Karabük,Turkey,23992,2.2053,-177.3790,+3:30,Tehran,okan.durak@example.com,5f0f10ca-bc26-4bf1-97be-609640e776d0,bigswan899,skate,2vxVzipJ,d9583ccc0d84b7f4a8af5e6187f0e121,fe9fa4e95440348b20658251f66a2e1b289f836f,9f42d548075cc6371d32bb174f767e26d891aef7f166ae782a0bf1824f3a60d0,1981-10-22T23:52:12.964Z,42,2006-04-11T06:31:21.089Z,18,(199)-453-3093,(708)-051-2789,,null,https://randomuser.me/api/portraits/men/95.jpg,https://randomuser.me/api/portraits/med/men/95.jpg,https://randomuser.me/api/portraits/thumb/men/95.jpg,TR
female,Mrs,Sunny,Hendrickx,8907,Koningsbrink,Giethoorn,Zuid-Holland,Netherlands,1960 OA,72.8195,-95.7771,+7:00,"Bangkok, Hanoi, Jakarta",sunny.hendrickx@example.com,775b5a16-ade7-4ff8-912b-1079d15d9702,angryswan578,abbott,dmEhGIsx,2ec68983bdc12387bb8f31e17ee1b8a9,e22d1a079b43ec6214f96a0918b9db22f566010f,382b0cbdcd64a9d180b9479261c8e557efab8f454472468e5752bb9e85dd8420,1958-03-21T15:00:05.513Z,66,2017-09-15T14:26:34.193Z,6,(0773) 805168,(06) 76639284,BSN,10183207,https://randomuser.me/api/portraits/women/9.jpg,https://randomuser.me/api/portraits/med/women/9.jpg,https://randomuser.me/api/portraits/thumb/women/9.jpg,NL
male,Mr,Filémon,Campos,6049,Rua São José ,Cotia,Paraná,Brazil,91363,0.5325,102.8035,-9:00,Alaska,filemon.campos@example.com,a166285c-842a-45aa-8523-12247f53cc13,yellowgoose623,hamburg,HvZMhBlo,54be3ebce69abc30886963fb2059844b,410c5d7ed397326f86b334c9f2df568b1cc7a494,7e4956735008636c6f780c9e44d4ae7317e108e02a9df9d7be9f7963ede1cda4,1992-07-06T00:36:30.817Z,31,2007-09-22T01:34:22.963Z,16,(52) 1655-2539,(59) 6461-6813,CPF,639.631.358-83,https://randomuser.me/api/portraits/men/4.jpg,https://randomuser.me/api/portraits/med/men/4.jpg,https://randomuser.me/api/portraits/thumb/men/4.jpg,BR
female,Miss,Júlia,Barbosa,3293,Rua São Paulo ,Resende,Tocantins,Brazil,36995,-20.9010,-119.4168,+2:00,"Kaliningrad, South Africa",julia.barbosa@example.com,251c780a-2755-4b77-b7f6-83152bee58ac,goldencat541,puffer,r9hosB5E,1462b73d75a467872114f94a255fb103,7f42b2e29f6f3500b6bb799a6b603d737d9c6cc0,c2c8f7ebe79c94cc5fb4bc8234aae5833316211c605d7f0b4817758b5c3b6b8d,1982-02-10T08:30:42.234Z,42,2011-06-13T21:39:34.495Z,12,(97) 2504-7863,(74) 1201-5944,CPF,223.445.363-70,https://randomuser.me/api/portraits/women/74.jpg,https://randomuser.me/api/portraits/med/women/74.jpg,https://randomuser.me/api/portraits/thumb/women/74.jpg,BR
male,Mr,Karl,Marshall,912,Depaul Dr,Sydney,South Australia,Australia,4019,23.8587,-108.1036,-4:00,"Atlantic Time (Canada), Caracas, La Paz",karl.marshall@example.com,e2654337-198a-439d-a4f1-aa2014050048,organiczebra436,abc12345,EA8TQiaM,0848b71308b74bb18288e64aa090d421,f76753cd1aec27709faa2523b8b7e037aa215389,fef512d8e2b6577299316c35e4a8e1d0e734432ab4b6c76ffc12473d4ffccddc,1987-05-22T00:44:01.300Z,36,2002-10-02T06:08:03.974Z,21,09-7562-5790,0442-924-321,TFN,398555327,https://randomuser.me/api/portraits/men/38.jpg,https://randomuser.me/api/portraits/med/men/38.jpg,https://randomuser.me/api/portraits/thumb/men/38.jpg,AU
female,Mrs,Camila,Tafoya,8450,Eje vial Sur Miramontes,Nuevo México,Tlaxcala,Mexico,43620,76.3648,112.0451,-1:00,"Azores, Cape Verde Islands",camila.tafoya@example.com,692ef042-1fc0-4914-be87-1a1e4eff10d7,yellowwolf256,420000,6ShCAGk1,95ae71ee95899fe8f0ed9a0a433135fb,90c3ff94ace884dc71b6669bdd529fb1eb560dde,8a6983c12de60f8175ec9654884c3a0c36fa935adfe9a2cc99f7817162947116,1973-10-12T00:09:35.898Z,50,2019-07-01T17:23:11.045Z,4,(646) 795 0956,(631) 771 8787,NSS,46 34 16 4404 1,https://randomuser.me/api/portraits/women/23.jpg,https://randomuser.me/api/portraits/med/women/23.jpg,https://randomuser.me/api/portraits/thumb/women/23.jpg,MX
female,Mrs,Francisca,Nunes,8413,Rua Minas Gerais ,Caxias do Sul,Roraima,Brazil,54683,5.1191,23.5123,+7:00,"Bangkok, Hanoi, Jakarta",francisca.nunes@example.com,2768e64f-4c30-48dc-9df2-40ce74fc10ed,silverswan216,soulmate,CTKOkKGf,dc62af1070c19694d4ee15a326b6aa8c,63d467f0890fd5c0ec81a54d6fdeb06c446ea6a6,c3375877de9ccb9894584edd296a047a23a992ffafaf2f571b549fad501fd8ca,1977-09-11T09:50:19.337Z,46,2022-02-17T01:13:48.522Z,2,(76) 9257-1982,(29) 0252-1163,CPF,045.001.070-45,https://randomuser.me/api/portraits/women/77.jpg,https://randomuser.me/api/portraits/med/women/77.jpg,https://randomuser.me/api/portraits/thumb/women/77.jpg,BR
female,Miss,Elizabeth,Margaret,600,Charles St,Brockton,Newfoundland and Labrador,Canada,X9I 1H9,74.6772,-16.5081,+9:00,"Tokyo, Seoul, Osaka, Sapporo, Yakutsk",elizabeth.margaret@example.com,b1070bab-9eb1-4d52-b21d-b719f576e175,purplebutterfly433,goddess,0MXHg6RD,c77ed9fc0809c901cb22c65d06f88097,ff44786d7e7a6c37de6226337a88fb2f064bc71a,83e4703d51f2460f461f11fc189e29fe531427287242f49e5b23614f41f5b283,1947-01-21T17:54:58.257Z,77,2014-04-09T00:18:52.050Z,10,G54 K76-2141,X36 N25-7605,SIN,356488718,https://randomuser.me/api/portraits/women/29.jpg,https://randomuser.me/api/portraits/med/women/29.jpg,https://randomuser.me/api/portraits/thumb/women/29.jpg,CA
male,Mr,Miro,Pelto,3967,Nordenskiöldinkatu,Kajaani,Central Ostrobothnia,Finland,18293,-12.9892,-64.6238,+1:00,"Brussels, Copenhagen, Madrid, Paris",miro.pelto@example.com,939fc748-b14f-4be0-932a-d7f957d4bbf0,purplegorilla923,gordon24,EM0FUWAj,4adbc1b089096d271f1d9304155648cc,c4bebaad06abf5286e07b56c62fe776b8880685c,1759cc43fb653985a8c2953c1a8cb9ee92415f0709df8324db9eedd372761033,1956-01-14T03:14:41.196Z,68,2005-07-15T15:11:18.120Z,18,02-578-505,041-497-52-53,HETU,NaNNA667undefined,https://randomuser.me/api/portraits/men/61.jpg,https://randomuser.me/api/portraits/med/men/61.jpg,https://randomuser.me/api/portraits/thumb/men/61.jpg,FI